Workbook

Sheet Final Solution
I2: LeanFit's Weight Loss Plan
B4: Which Customers are likely to buy the Weight Loss Plan?
B6: We know that people who are either in over-weight range (25 to < 30) or obesity range ( 30 or higher) in BMI, are more likely to buy LeanFit's Weight Loss Plan based on the BMI criterion.
B7: Thus, from my analysis of the weightLogInfo dataset, customers having the Customer Ids : 1927972279, 5577150313, 4319703577, 4558609924, and 8877689391 are more likely to buy the plan.
B9: Similarly, we know that elevated heart rate is associated with elevated blood pressure. Generally, if the heart rate exceeds 185 beats per minute during exercise, one is at more risk of High Blood Pressure, Hypertention, and other cardiovascular diseases. Thus, Weight loss can play an important role in reducing the risk of the above.
B11: Thus, from my analysis of heartrate_seconds dataset, customers having Customer Ids : 2022484408, 4558609924, 2347167796, 4020332650, and 6117666160 are more likely to buy the plan.
B13: Below are the diagrams showing the customers (in blue colour) who are likely to buy the weight loss plan.

Sheet Weight Log Info Cleaned
A1: Id | B1: Weight_Kg | C1: BMI
A2: 1503960366 | B2: 52.599998 | C2: 22.65 | E2: NOTE: Removed Unnecessary columns, formatted numeric columns (Weight_Kg and BMI) to show only 2 decimal place values in Power Query. Then Loaded the dataset to Excel and converted the table to range using the "Convert to Range" option from Table Design for easy analysis and reduce the risk of giving Source file errors while submitting, as data would have still be linked to the data source.
A3: 1503960366 | B3: 52.599998 | C3: 22.65
A4: 1927972279 | B4: 133.5 | C4: 47.540001
A5: 2873212765 | B5: 56.700001 | C5: 21.450001
A6: 2873212765 | B6: 57.299999 | C6: 21.690001
A7: 4319703577 | B7: 72.400002 | C7: 27.450001
A8: 4319703577 | B8: 72.300003 | C8: 27.379999
A9: 4558609924 | B9: 69.699997 | C9: 27.25
A10: 4558609924 | B10: 70.300003 | C10: 27.459999
A11: 4558609924 | B11: 69.900002 | C11: 27.32
A12: 4558609924 | B12: 69.199997 | C12: 27.040001
A13: 4558609924 | B13: 69.099998 | C13: 27
A14: 5577150313 | B14: 90.699997 | C14: 28
... A68: 8877689391 | B68: 84 | C68: 25.139999

Sheet Heartrate Cleaned
A1: Id | B1: Value
A2: 2022484408 | B2: 203 | D2: NOTE: Cleaned the dataset in Power Query by removing "Time" column as it was not necessary for our analysis. Also as the dataset was very huge, sorted the "Value" column in decending order so as to filter only those values which were above 185, as stated in the problem statement. At last Loaded the dataset into Excel and converted the table to range using the "Convert to Range" option from Table Design for easy analysis and reduce the risk of giving Source file errors while submitting, as data would have still be linked to the data source.
A3: 2022484408 | B3: 203
A4: 2022484408 | B4: 203
A5: 2022484408 | B5: 203
A6: 2022484408 | B6: 203
A7: 2022484408 | B7: 203
A8: 2022484408 | B8: 203
A9: 2022484408 | B9: 203
A10: 2022484408 | B10: 202
A11: 2022484408 | B11: 202
A12: 2022484408 | B12: 202
A13: 2022484408 | B13: 202
A14: 2022484408 | B14: 201
... A251: 4020332650 | B251: 180

Sheet Wgt & Heartrate Sheets Combined
A1: Id | B1: Weight_Kg | C1: BMI | D1: Heartbeat Value
A2: 1503960366 | B2: 52.599998 | C2: 22.65 | D2: =_xlfn.XLOOKUP(A2,'Heartrate Cleaned'!$A$2:$A$251,'Heartrate Cleaned'!$B$2:$B$251,"Not Available") -> Not Available | F2: Used XLOOKUP to combine both the Weight Log Info and Heartrate dataset.
A3: 1503960366 | B3: 52.599998 | C3: 22.65 | D3: =_xlfn.XLOOKUP(A3,'Heartrate Cleaned'!$A$2:$A$251,'Heartrate Cleaned'!$B$2:$B$251,"Not Available") -> Not Available | F3: The formula used: =XLOOKUP(A2,'Heartrate Cleaned'!$A$2:$A$251,'Heartrate Cleaned'!$B$2:$B$251,"Not Available")
A4: 1927972279 | B4: 133.5 | C4: 47.540001 | D4: =_xlfn.XLOOKUP(A4,'Heartrate Cleaned'!$A$2:$A$251,'Heartrate Cleaned'!$B$2:$B$251,"Not Available") -> Not Available
A5: 2873212765 | B5: 56.700001 | C5: 21.450001 | D5: =_xlfn.XLOOKUP(A5,'Heartrate Cleaned'!$A$2:$A$251,'Heartrate Cleaned'!$B$2:$B$251,"Not Available") -> Not Available
A6: 2873212765 | B6: 57.299999 | C6: 21.690001 | D6: =_xlfn.XLOOKUP(A6,'Heartrate Cleaned'!$A$2:$A$251,'Heartrate Cleaned'!$B$2:$B$251,"Not Available") -> Not Available
A7: 4319703577 | B7: 72.400002 | C7: 27.450001 | D7: =_xlfn.XLOOKUP(A7,'Heartrate Cleaned'!$A$2:$A$251,'Heartrate Cleaned'!$B$2:$B$251,"Not Available") -> Not Available
A8: 4319703577 | B8: 72.300003 | C8: 27.379999 | D8: =_xlfn.XLOOKUP(A8,'Heartrate Cleaned'!$A$2:$A$251,'Heartrate Cleaned'!$B$2:$B$251,"Not Available") -> Not Available
A9: 4558609924 | B9: 69.699997 | C9: 27.25 | D9: =_xlfn.XLOOKUP(A9,'Heartrate Cleaned'!$A$2:$A$251,'Heartrate Cleaned'!$B$2:$B$251,"Not Available") -> 199
A10: 4558609924 | B10: 70.300003 | C10: 27.459999 | D10: =_xlfn.XLOOKUP(A10,'Heartrate Cleaned'!$A$2:$A$251,'Heartrate Cleaned'!$B$2:$B$251,"Not Available") -> 199
A11: 4558609924 | B11: 69.900002 | C11: 27.32 | D11: =_xlfn.XLOOKUP(A11,'Heartrate Cleaned'!$A$2:$A$251,'Heartrate Cleaned'!$B$2:$B$251,"Not Available") -> 199
A12: 4558609924 | B12: 69.199997 | C12: 27.040001 | D12: =_xlfn.XLOOKUP(A12,'Heartrate Cleaned'!$A$2:$A$251,'Heartrate Cleaned'!$B$2:$B$251,"Not Available") -> 199
A13: 4558609924 | B13: 69.099998 | C13: 27 | D13: =_xlfn.XLOOKUP(A13,'Heartrate Cleaned'!$A$2:$A$251,'Heartrate Cleaned'!$B$2:$B$251,"Not Available") -> 199
A14: 5577150313 | B14: 90.699997 | C14: 28 | D14: =_xlfn.XLOOKUP(A14,'Heartrate Cleaned'!$A$2:$A$251,'Heartrate Cleaned'!$B$2:$B$251,"Not Available") -> Not Available
A15: 6962181067 | B15: 62.5 | C15: 24.389999 | D15: =_xlfn.XLOOKUP(A15,'Heartrate Cleaned'!$A$2:$A$251,'Heartrate Cleaned'!$B$2:$B$251,"Not Available") -> 184
... A68: 8877689391 | B68: 84 | C68: 25.139999 | D68: =_xlfn.XLOOKUP(A68,'Heartrate Cleaned'!$A$2:$A$251,'Heartrate Cleaned'!$B$2:$B$251,"Not Available") -> 180

Sheet Potential Customers (Weight)
B2: Customer Id | C2: Average BMI
B3: 2873212765 | C3: 21.570001
B4: 1503960366 | C4: 22.65
B5: 6962181067 | C5: 24.028
B6: 8877689391 | C6: 25.487083
B7: 4558609924 | C7: 27.214
B8: 4319703577 | C8: 27.415
B9: 5577150313 | C9: 28
B10: 1927972279 | C10: 47.540001

Sheet Potential Customers (Heartbeat)
B2: Customer Id | C2: Heartbeat
B3: 8877689391 | C3: 180
B4: 6962181067 | C4: 184
B5: 6117666160 | C5: 189
B6: 4020332650 | C6: 191
B7: 2347167796 | C7: 195
B8: 4558609924 | C8: 199
B9: 2022484408 | C9: 203
