Workbook

Sheet Final Solution
I2: Sleepy-Nights Subscription Plan
B4: Which customers are likely to buy the subscription?
B6: We know that sleep needs can vary from person to person, but in general, experts recommend that healthy adults get an average of 7 to 9 hours per night of shuteye. If one regularly need more than 9 hours of sleep per night to feel rested, it might be a sign of an underlying problem. Similarly, Sleep deprivation is a condition that occurs when one does not get enough sleep (about less than 7 hours) or have poor quality sleep.
B11: For my analysis, I have choosen the categories as: Users with less than 7 hours of sleep will be labeled "Sleep Deprived", users with more than 9 hours of sleep will be labeled "Potential Oversleepers", and at last all those users who sleeps in between 7 and 9 hours are labeled "Normal Sleepers".
B14: Both users labeled by "Sleep Deprived" and "Potential Oversleepers" are Sleepy-Nights Potential Customers, who can subscribe to their services. Thus, the list of all the customers satisfying this condition are:
B16: Id | C16: Avg Sleep Hrs | D16: Category
B17: 1503960366 | C17: 6.0046667 | D17: Sleep Deprived
B18: 1644430081 | C18: 4.9 | D18: Sleep Deprived
B19: 1844505072 | C19: 10.866667 | D19: Potential Oversleepers
B20: 1927972279 | C20: 6.95 | D20: Sleep Deprived
B21: 2320127002 | C21: 1.0166667 | D21: Sleep Deprived
B22: 3977333714 | C22: 4.8940476 | D22: Sleep Deprived
B23: 4020332650 | C23: 5.8229167 | D23: Sleep Deprived
B24: 4388161847 | C24: 6.71875 | D24: Sleep Deprived
B25: 4445114986 | C25: 6.4196429 | D25: Sleep Deprived
B26: 4558609924 | C26: 2.1266667 | D26: Sleep Deprived
B27: 6775888955 | C27: 5.8277778 | D27: Sleep Deprived
B28: 7007744171 | C28: 1.1416667 | D28: Sleep Deprived
B29: 8053475328 | C29: 4.95 | D29: Sleep Deprived

Sheet Sleep Day Cleaned
A1: Id | B1: TotalMinutesAsleep
A2: 1503960366 | B2: 327 | D2: Removed Unnecessary columns in the Power Query. Then Loaded the dataset to Excel and converted the table to range using the "Convert to Range" option from Table Design for easy analysis and reduce the risk of giving Source file errors while submitting, as data would have still be linked to the data source.
A3: 1503960366 | B3: 384
A4: 1503960366 | B4: 412
A5: 1503960366 | B5: 340
A6: 1503960366 | B6: 700
A7: 1503960366 | B7: 304
A8: 1503960366 | B8: 360
A9: 1503960366 | B9: 325
A10: 1503960366 | B10: 361
A11: 1503960366 | B11: 430
A12: 1503960366 | B12: 277
A13: 1503960366 | B13: 245
A14: 1503960366 | B14: 366
... A414: 8792009665 | B414: 439

Sheet Analysis
A1: Id | B1: TotalAvgMinutesAsleep | C1: TotalHoursAsleep | D1: Category
A2: {=_xlfn.UNIQUE('Sleep Day Cleaned'!A2:A414)} -> 1503960366 | B2: =AVERAGEIF('Sleep Day Cleaned'!$A$2:$B$414,A2,'Sleep Day Cleaned'!$B$2:$B$414) -> 360.28 | C2: =B2/60 -> 6.0046667 | D2: =IF(C2<7,"Sleep Deprived",IF(C2>9,"Potential Oversleepers","Normal Sleepers")) -> Sleep Deprived | F2: Imported the unique Customer Id using the formula: =UNIQUE('Sleep Day Cleaned'!A2:A414). In a similar way, using the formula =AVERAGEIF('Sleep Day Cleaned'!$A$2:$B$414,A2,'Sleep Day Cleaned'!$B$2:$B$414), imported the Average Total Minutes Asleep column, which calculated the average sleep for every user. Created a new column where I converted the Minutes data from the previous column to Hours, as all my criterias were set for Hours data, using the formula: =B2/60.
A3: 1644430081 | B3: =AVERAGEIF('Sleep Day Cleaned'!$A$2:$B$414,A3,'Sleep Day Cleaned'!$B$2:$B$414) -> 294 | C3: =B3/60 -> 4.9 | D3: =IF(C3<7,"Sleep Deprived",IF(C3>9,"Potential Oversleepers","Normal Sleepers")) -> Sleep Deprived
A4: 1844505072 | B4: =AVERAGEIF('Sleep Day Cleaned'!$A$2:$B$414,A4,'Sleep Day Cleaned'!$B$2:$B$414) -> 652 | C4: =B4/60 -> 10.866667 | D4: =IF(C4<7,"Sleep Deprived",IF(C4>9,"Potential Oversleepers","Normal Sleepers")) -> Potential Oversleepers
A5: 1927972279 | B5: =AVERAGEIF('Sleep Day Cleaned'!$A$2:$B$414,A5,'Sleep Day Cleaned'!$B$2:$B$414) -> 417 | C5: =B5/60 -> 6.95 | D5: =IF(C5<7,"Sleep Deprived",IF(C5>9,"Potential Oversleepers","Normal Sleepers")) -> Sleep Deprived
A6: 2026352035 | B6: =AVERAGEIF('Sleep Day Cleaned'!$A$2:$B$414,A6,'Sleep Day Cleaned'!$B$2:$B$414) -> 506.17857 | C6: =B6/60 -> 8.4363095 | D6: =IF(C6<7,"Sleep Deprived",IF(C6>9,"Potential Oversleepers","Normal Sleepers")) -> Normal Sleepers
A7: 2320127002 | B7: =AVERAGEIF('Sleep Day Cleaned'!$A$2:$B$414,A7,'Sleep Day Cleaned'!$B$2:$B$414) -> 61 | C7: =B7/60 -> 1.0166667 | D7: =IF(C7<7,"Sleep Deprived",IF(C7>9,"Potential Oversleepers","Normal Sleepers")) -> Sleep Deprived | F7: At last, created a new column named "Category" to categorize each user into the 3 defined categories in the "Final Solution" sheet, using the formula: =IF(C2<7,"Sleep Deprived",IF(C2>9,"Potential Oversleepers","Normal Sleepers")).
A8: 2347167796 | B8: =AVERAGEIF('Sleep Day Cleaned'!$A$2:$B$414,A8,'Sleep Day Cleaned'!$B$2:$B$414) -> 446.8 | C8: =B8/60 -> 7.4466667 | D8: =IF(C8<7,"Sleep Deprived",IF(C8>9,"Potential Oversleepers","Normal Sleepers")) -> Normal Sleepers
A9: 3977333714 | B9: =AVERAGEIF('Sleep Day Cleaned'!$A$2:$B$414,A9,'Sleep Day Cleaned'!$B$2:$B$414) -> 293.64286 | C9: =B9/60 -> 4.8940476 | D9: =IF(C9<7,"Sleep Deprived",IF(C9>9,"Potential Oversleepers","Normal Sleepers")) -> Sleep Deprived
A10: 4020332650 | B10: =AVERAGEIF('Sleep Day Cleaned'!$A$2:$B$414,A10,'Sleep Day Cleaned'!$B$2:$B$414) -> 349.375 | C10: =B10/60 -> 5.8229167 | D10: =IF(C10<7,"Sleep Deprived",IF(C10>9,"Potential Oversleepers","Normal Sleepers")) -> Sleep Deprived
A11: 4319703577 | B11: =AVERAGEIF('Sleep Day Cleaned'!$A$2:$B$414,A11,'Sleep Day Cleaned'!$B$2:$B$414) -> 476.65385 | C11: =B11/60 -> 7.9442308 | D11: =IF(C11<7,"Sleep Deprived",IF(C11>9,"Potential Oversleepers","Normal Sleepers")) -> Normal Sleepers
A12: 4388161847 | B12: =AVERAGEIF('Sleep Day Cleaned'!$A$2:$B$414,A12,'Sleep Day Cleaned'!$B$2:$B$414) -> 403.125 | C12: =B12/60 -> 6.71875 | D12: =IF(C12<7,"Sleep Deprived",IF(C12>9,"Potential Oversleepers","Normal Sleepers")) -> Sleep Deprived
A13: 4445114986 | B13: =AVERAGEIF('Sleep Day Cleaned'!$A$2:$B$414,A13,'Sleep Day Cleaned'!$B$2:$B$414) -> 385.17857 | C13: =B13/60 -> 6.4196429 | D13: =IF(C13<7,"Sleep Deprived",IF(C13>9,"Potential Oversleepers","Normal Sleepers")) -> Sleep Deprived
A14: 4558609924 | B14: =AVERAGEIF('Sleep Day Cleaned'!$A$2:$B$414,A14,'Sleep Day Cleaned'!$B$2:$B$414) -> 127.6 | C14: =B14/60 -> 2.1266667 | D14: =IF(C14<7,"Sleep Deprived",IF(C14>9,"Potential Oversleepers","Normal Sleepers")) -> Sleep Deprived
A15: 4702921684 | B15: =AVERAGEIF('Sleep Day Cleaned'!$A$2:$B$414,A15,'Sleep Day Cleaned'!$B$2:$B$414) -> 421.14286 | C15: =B15/60 -> 7.0190476 | D15: =IF(C15<7,"Sleep Deprived",IF(C15>9,"Potential Oversleepers","Normal Sleepers")) -> Normal Sleepers
A16: 5553957443 | B16: =AVERAGEIF('Sleep Day Cleaned'!$A$2:$B$414,A16,'Sleep Day Cleaned'!$B$2:$B$414) -> 463.48387 | C16: =B16/60 -> 7.7247312 | D16: =IF(C16<7,"Sleep Deprived",IF(C16>9,"Potential Oversleepers","Normal Sleepers")) -> Normal Sleepers
A17: 5577150313 | B17: =AVERAGEIF('Sleep Day Cleaned'!$A$2:$B$414,A17,'Sleep Day Cleaned'!$B$2:$B$414) -> 432 | C17: =B17/60 -> 7.2 | D17: =IF(C17<7,"Sleep Deprived",IF(C17>9,"Potential Oversleepers","Normal Sleepers")) -> Normal Sleepers
A18: 6117666160 | B18: =AVERAGEIF('Sleep Day Cleaned'!$A$2:$B$414,A18,'Sleep Day Cleaned'!$B$2:$B$414) -> 478.77778 | C18: =B18/60 -> 7.9796296 | D18: =IF(C18<7,"Sleep Deprived",IF(C18>9,"Potential Oversleepers","Normal Sleepers")) -> Normal Sleepers
A19: 6775888955 | B19: =AVERAGEIF('Sleep Day Cleaned'!$A$2:$B$414,A19,'Sleep Day Cleaned'!$B$2:$B$414) -> 349.66667 | C19: =B19/60 -> 5.8277778 | D19: =IF(C19<7,"Sleep Deprived",IF(C19>9,"Potential Oversleepers","Normal Sleepers")) -> Sleep Deprived
... A25: 8792009665 | B25: =AVERAGEIF('Sleep Day Cleaned'!$A$2:$B$414,A25,'Sleep Day Cleaned'!$B$2:$B$414) -> 435.66667 | C25: =B25/60 -> 7.2611111 | D25: =IF(C25<7,"Sleep Deprived",IF(C25>9,"Potential Oversleepers","Normal Sleepers")) -> Normal Sleepers

Sheet Customers Count by Categories
A3: Categories | B3: Count
A4: Normal Sleepers | B4: 11
A5: Potential Oversleepers | B5: 1
A6: Sleep Deprived | B6: 12
