Workbook
Name Slicer_Id: #N/A

Sheet Daily Activity Cleaned
A1: Id | B1: ActivityDate | C1: Day Name | D1: Day of Week | E1: TotalSteps | F1: TotalDistance | G1: VeryActiveMinutes | H1: FairlyActiveMinutes | I1: LightlyActiveMinutes | J1: Calories
A2: 1503960366 | B2: 42472 | C2: Tuesday | D2: 2 | E2: 13162 | F2: 8.5 | G2: 25 | H2: 13 | I2: 328 | J2: 1985 | L2: In the Power Query Editor, removed unwanted columns; changed the data type for "ActivityDay" from text to Date; and added 2 new columns "Day Name" and "Day of Week", which will be useful later while creating dashboard. Then Loaded the dataset to Excel and converted the table to range using the "Convert to Range" option from Table Design for easy analysis and reduce the risk of giving Source file errors while submitting, as data would have still be linked to the data source.
A3: 1503960366 | B3: 42473 | C3: Wednesday | D3: 3 | E3: 10735 | F3: 6.9699998 | G3: 21 | H3: 19 | I3: 217 | J3: 1797
A4: 1503960366 | B4: 42474 | C4: Thursday | D4: 4 | E4: 10460 | F4: 6.7399998 | G4: 30 | H4: 11 | I4: 181 | J4: 1776
A5: 1503960366 | B5: 42475 | C5: Friday | D5: 5 | E5: 9762 | F5: 6.2800002 | G5: 29 | H5: 34 | I5: 209 | J5: 1745
A6: 1503960366 | B6: 42476 | C6: Saturday | D6: 6 | E6: 12669 | F6: 8.1599998 | G6: 36 | H6: 10 | I6: 221 | J6: 1863
A7: 1503960366 | B7: 42477 | C7: Sunday | D7: 0 | E7: 9705 | F7: 6.48 | G7: 38 | H7: 20 | I7: 164 | J7: 1728
A8: 1503960366 | B8: 42478 | C8: Monday | D8: 1 | E8: 13019 | F8: 8.5900002 | G8: 42 | H8: 16 | I8: 233 | J8: 1921
A9: 1503960366 | B9: 42479 | C9: Tuesday | D9: 2 | E9: 15506 | F9: 9.8800001 | G9: 50 | H9: 31 | I9: 264 | J9: 2035
A10: 1503960366 | B10: 42480 | C10: Wednesday | D10: 3 | E10: 10544 | F10: 6.6799998 | G10: 28 | H10: 12 | I10: 205 | J10: 1786
A11: 1503960366 | B11: 42481 | C11: Thursday | D11: 4 | E11: 9819 | F11: 6.3400002 | G11: 19 | H11: 8 | I11: 211 | J11: 1775
A12: 1503960366 | B12: 42482 | C12: Friday | D12: 5 | E12: 12764 | F12: 8.1300001 | G12: 66 | H12: 27 | I12: 130 | J12: 1827
A13: 1503960366 | B13: 42483 | C13: Saturday | D13: 6 | E13: 14371 | F13: 9.04 | G13: 41 | H13: 21 | I13: 262 | J13: 1949
A14: 1503960366 | B14: 42484 | C14: Sunday | D14: 0 | E14: 10039 | F14: 6.4099998 | G14: 39 | H14: 5 | I14: 238 | J14: 1788
... A941: 8877689391 | B941: 42502 | C941: Thursday | D941: 4 | E941: 8064 | F941: 6.1199999 | G941: 23 | H941: 1 | I941: 137 | J941: 1849

Sheet Q1-8 (By Id)
A1: Id | B1: DaysActive | C1: GearUseageActivity | D1: AvgDailyDistance | E1: TravelActivityLevel | F1: TotalSteps | G1: AvgStepsDaily | H1: TotalCalories | I1: AvgCaloriesDaily | J1: AvgLightlyActiveMin | K1: AvgFairlyActiveMin | L1: AvgVeryActiveMin
A2: {=_xlfn.UNIQUE('Daily Activity Cleaned'!A2:A941)} -> 1503960366 | B2: =COUNTIF('Daily Activity Cleaned'!$A$2:$B$941,'Q1-8 (By Id)'!A2) -> 31 | C2: =IF(B2>20,"Active",IF(B2<10,"Light","Moderate")) -> Active | D2: =AVERAGEIF('Daily Activity Cleaned'!$A$2:$F$941,'Q1-8 (By Id)'!A2,'Daily Activity Cleaned'!$F$2:$F$941) -> 7.8096774 | E2: =IF(D2>9, "Pro", IF(D2<5, "Beginner", "Intermediate")) -> Intermediate | F2: =SUMIF('Daily Activity Cleaned'!$A$2:$E$941,'Q1-8 (By Id)'!A2,'Daily Activity Cleaned'!$E$2:$E$941) -> 375619 | G2: =F2/B2 -> 12116.742 | H2: =SUMIF('Daily Activity Cleaned'!$A$2:$J$941,'Q1-8 (By Id)'!A2,'Daily Activity Cleaned'!$J$2:$J$941) -> 56309 | I2: =H2/B2 -> 1816.4194 | J2: =AVERAGEIF('Daily Activity Cleaned'!$A$2:$I$941,'Q1-8 (By Id)'!A2,'Daily Activity Cleaned'!$I$2:$I$941) -> 219.93548 | K2: =AVERAGEIF('Daily Activity Cleaned'!$A$2:$H$941,'Q1-8 (By Id)'!A2,'Daily Activity Cleaned'!$H$2:$H$941) -> 19.16129 | L2: =AVERAGEIF('Daily Activity Cleaned'!$A$2:$G$941,'Q1-8 (By Id)'!A2,'Daily Activity Cleaned'!$G$2:$G$941) -> 38.709677 | N2: The criteria I used to create the "TravelActivityLevel" column is: If the daily average distance is below 5, the user falls into the "Beginner" category; if daily average is between 5 and 9, the user falls into the "Intermediate" category; and at last if the daily average distance is above 9, the user falls into the "Pro" category.
A3: 1624580081 | B3: =COUNTIF('Daily Activity Cleaned'!$A$2:$B$941,'Q1-8 (By Id)'!A3) -> 31 | C3: =IF(B3>20,"Active",IF(B3<10,"Light","Moderate")) -> Active | D3: =AVERAGEIF('Daily Activity Cleaned'!$A$2:$F$941,'Q1-8 (By Id)'!A3,'Daily Activity Cleaned'!$F$2:$F$941) -> 3.9148387 | E3: =IF(D3>9, "Pro", IF(D3<5, "Beginner", "Intermediate")) -> Beginner | F3: =SUMIF('Daily Activity Cleaned'!$A$2:$E$941,'Q1-8 (By Id)'!A3,'Daily Activity Cleaned'!$E$2:$E$941) -> 178061 | G3: =F3/B3 -> 5743.9032 | H3: =SUMIF('Daily Activity Cleaned'!$A$2:$J$941,'Q1-8 (By Id)'!A3,'Daily Activity Cleaned'!$J$2:$J$941) -> 45984 | I3: =H3/B3 -> 1483.3548 | J3: =AVERAGEIF('Daily Activity Cleaned'!$A$2:$I$941,'Q1-8 (By Id)'!A3,'Daily Activity Cleaned'!$I$2:$I$941) -> 153.48387 | K3: =AVERAGEIF('Daily Activity Cleaned'!$A$2:$H$941,'Q1-8 (By Id)'!A3,'Daily Activity Cleaned'!$H$2:$H$941) -> 5.8064516 | L3: =AVERAGEIF('Daily Activity Cleaned'!$A$2:$G$941,'Q1-8 (By Id)'!A3,'Daily Activity Cleaned'!$G$2:$G$941) -> 8.6774194
A4: 1644430081 | B4: =COUNTIF('Daily Activity Cleaned'!$A$2:$B$941,'Q1-8 (By Id)'!A4) -> 30 | C4: =IF(B4>20,"Active",IF(B4<10,"Light","Moderate")) -> Active | D4: =AVERAGEIF('Daily Activity Cleaned'!$A$2:$F$941,'Q1-8 (By Id)'!A4,'Daily Activity Cleaned'!$F$2:$F$941) -> 5.2953334 | E4: =IF(D4>9, "Pro", IF(D4<5, "Beginner", "Intermediate")) -> Intermediate | F4: =SUMIF('Daily Activity Cleaned'!$A$2:$E$941,'Q1-8 (By Id)'!A4,'Daily Activity Cleaned'!$E$2:$E$941) -> 218489 | G4: =F4/B4 -> 7282.9667 | H4: =SUMIF('Daily Activity Cleaned'!$A$2:$J$941,'Q1-8 (By Id)'!A4,'Daily Activity Cleaned'!$J$2:$J$941) -> 84339 | I4: =H4/B4 -> 2811.3 | J4: =AVERAGEIF('Daily Activity Cleaned'!$A$2:$I$941,'Q1-8 (By Id)'!A4,'Daily Activity Cleaned'!$I$2:$I$941) -> 178.46667 | K4: =AVERAGEIF('Daily Activity Cleaned'!$A$2:$H$941,'Q1-8 (By Id)'!A4,'Daily Activity Cleaned'!$H$2:$H$941) -> 21.366667 | L4: =AVERAGEIF('Daily Activity Cleaned'!$A$2:$G$941,'Q1-8 (By Id)'!A4,'Daily Activity Cleaned'!$G$2:$G$941) -> 9.5666667
A5: 1844505072 | B5: =COUNTIF('Daily Activity Cleaned'!$A$2:$B$941,'Q1-8 (By Id)'!A5) -> 31 | C5: =IF(B5>20,"Active",IF(B5<10,"Light","Moderate")) -> Active | D5: =AVERAGEIF('Daily Activity Cleaned'!$A$2:$F$941,'Q1-8 (By Id)'!A5,'Daily Activity Cleaned'!$F$2:$F$941) -> 1.706129 | E5: =IF(D5>9, "Pro", IF(D5<5, "Beginner", "Intermediate")) -> Beginner | F5: =SUMIF('Daily Activity Cleaned'!$A$2:$E$941,'Q1-8 (By Id)'!A5,'Daily Activity Cleaned'!$E$2:$E$941) -> 79982 | G5: =F5/B5 -> 2580.0645 | H5: =SUMIF('Daily Activity Cleaned'!$A$2:$J$941,'Q1-8 (By Id)'!A5,'Daily Activity Cleaned'!$J$2:$J$941) -> 48778 | I5: =H5/B5 -> 1573.4839 | J5: =AVERAGEIF('Daily Activity Cleaned'!$A$2:$I$941,'Q1-8 (By Id)'!A5,'Daily Activity Cleaned'!$I$2:$I$941) -> 115.45161 | K5: =AVERAGEIF('Daily Activity Cleaned'!$A$2:$H$941,'Q1-8 (By Id)'!A5,'Daily Activity Cleaned'!$H$2:$H$941) -> 1.2903226 | L5: =AVERAGEIF('Daily Activity Cleaned'!$A$2:$G$941,'Q1-8 (By Id)'!A5,'Daily Activity Cleaned'!$G$2:$G$941) -> 0.12903226
A6: 1927972279 | B6: =COUNTIF('Daily Activity Cleaned'!$A$2:$B$941,'Q1-8 (By Id)'!A6) -> 31 | C6: =IF(B6>20,"Active",IF(B6<10,"Light","Moderate")) -> Active | D6: =AVERAGEIF('Daily Activity Cleaned'!$A$2:$F$941,'Q1-8 (By Id)'!A6,'Daily Activity Cleaned'!$F$2:$F$941) -> 0.63451612 | E6: =IF(D6>9, "Pro", IF(D6<5, "Beginner", "Intermediate")) -> Beginner | F6: =SUMIF('Daily Activity Cleaned'!$A$2:$E$941,'Q1-8 (By Id)'!A6,'Daily Activity Cleaned'!$E$2:$E$941) -> 28400 | G6: =F6/B6 -> 916.12903 | H6: =SUMIF('Daily Activity Cleaned'!$A$2:$J$941,'Q1-8 (By Id)'!A6,'Daily Activity Cleaned'!$J$2:$J$941) -> 67357 | I6: =H6/B6 -> 2172.8065 | J6: =AVERAGEIF('Daily Activity Cleaned'!$A$2:$I$941,'Q1-8 (By Id)'!A6,'Daily Activity Cleaned'!$I$2:$I$941) -> 38.580645 | K6: =AVERAGEIF('Daily Activity Cleaned'!$A$2:$H$941,'Q1-8 (By Id)'!A6,'Daily Activity Cleaned'!$H$2:$H$941) -> 0.77419355 | L6: =AVERAGEIF('Daily Activity Cleaned'!$A$2:$G$941,'Q1-8 (By Id)'!A6,'Daily Activity Cleaned'!$G$2:$G$941) -> 1.3225806
A7: 2022484408 | B7: =COUNTIF('Daily Activity Cleaned'!$A$2:$B$941,'Q1-8 (By Id)'!A7) -> 31 | C7: =IF(B7>20,"Active",IF(B7<10,"Light","Moderate")) -> Active | D7: =AVERAGEIF('Daily Activity Cleaned'!$A$2:$F$941,'Q1-8 (By Id)'!A7,'Daily Activity Cleaned'!$F$2:$F$941) -> 8.0841935 | E7: =IF(D7>9, "Pro", IF(D7<5, "Beginner", "Intermediate")) -> Intermediate | F7: =SUMIF('Daily Activity Cleaned'!$A$2:$E$941,'Q1-8 (By Id)'!A7,'Daily Activity Cleaned'!$E$2:$E$941) -> 352490 | G7: =F7/B7 -> 11370.645 | H7: =SUMIF('Daily Activity Cleaned'!$A$2:$J$941,'Q1-8 (By Id)'!A7,'Daily Activity Cleaned'!$J$2:$J$941) -> 77809 | I7: =H7/B7 -> 2509.9677 | J7: =AVERAGEIF('Daily Activity Cleaned'!$A$2:$I$941,'Q1-8 (By Id)'!A7,'Daily Activity Cleaned'!$I$2:$I$941) -> 257.45161 | K7: =AVERAGEIF('Daily Activity Cleaned'!$A$2:$H$941,'Q1-8 (By Id)'!A7,'Daily Activity Cleaned'!$H$2:$H$941) -> 19.354839 | L7: =AVERAGEIF('Daily Activity Cleaned'!$A$2:$G$941,'Q1-8 (By Id)'!A7,'Daily Activity Cleaned'!$G$2:$G$941) -> 36.290323
A8: 2026352035 | B8: =COUNTIF('Daily Activity Cleaned'!$A$2:$B$941,'Q1-8 (By Id)'!A8) -> 31 | C8: =IF(B8>20,"Active",IF(B8<10,"Light","Moderate")) -> Active | D8: =AVERAGEIF('Daily Activity Cleaned'!$A$2:$F$941,'Q1-8 (By Id)'!A8,'Daily Activity Cleaned'!$F$2:$F$941) -> 3.4548387 | E8: =IF(D8>9, "Pro", IF(D8<5, "Beginner", "Intermediate")) -> Beginner | F8: =SUMIF('Daily Activity Cleaned'!$A$2:$E$941,'Q1-8 (By Id)'!A8,'Daily Activity Cleaned'!$E$2:$E$941) -> 172573 | G8: =F8/B8 -> 5566.871 | H8: =SUMIF('Daily Activity Cleaned'!$A$2:$J$941,'Q1-8 (By Id)'!A8,'Daily Activity Cleaned'!$J$2:$J$941) -> 47760 | I8: =H8/B8 -> 1540.6452 | J8: =AVERAGEIF('Daily Activity Cleaned'!$A$2:$I$941,'Q1-8 (By Id)'!A8,'Daily Activity Cleaned'!$I$2:$I$941) -> 256.64516 | K8: =AVERAGEIF('Daily Activity Cleaned'!$A$2:$H$941,'Q1-8 (By Id)'!A8,'Daily Activity Cleaned'!$H$2:$H$941) -> 0.25806452 | L8: =AVERAGEIF('Daily Activity Cleaned'!$A$2:$G$941,'Q1-8 (By Id)'!A8,'Daily Activity Cleaned'!$G$2:$G$941) -> 0.096774194
A9: 2320127002 | B9: =COUNTIF('Daily Activity Cleaned'!$A$2:$B$941,'Q1-8 (By Id)'!A9) -> 31 | C9: =IF(B9>20,"Active",IF(B9<10,"Light","Moderate")) -> Active | D9: =AVERAGEIF('Daily Activity Cleaned'!$A$2:$F$941,'Q1-8 (By Id)'!A9,'Daily Activity Cleaned'!$F$2:$F$941) -> 3.1877419 | E9: =IF(D9>9, "Pro", IF(D9<5, "Beginner", "Intermediate")) -> Beginner | F9: =SUMIF('Daily Activity Cleaned'!$A$2:$E$941,'Q1-8 (By Id)'!A9,'Daily Activity Cleaned'!$E$2:$E$941) -> 146223 | G9: =F9/B9 -> 4716.871 | H9: =SUMIF('Daily Activity Cleaned'!$A$2:$J$941,'Q1-8 (By Id)'!A9,'Daily Activity Cleaned'!$J$2:$J$941) -> 53449 | I9: =H9/B9 -> 1724.1613 | J9: =AVERAGEIF('Daily Activity Cleaned'!$A$2:$I$941,'Q1-8 (By Id)'!A9,'Daily Activity Cleaned'!$I$2:$I$941) -> 198.19355 | K9: =AVERAGEIF('Daily Activity Cleaned'!$A$2:$H$941,'Q1-8 (By Id)'!A9,'Daily Activity Cleaned'!$H$2:$H$941) -> 2.5806452 | L9: =AVERAGEIF('Daily Activity Cleaned'!$A$2:$G$941,'Q1-8 (By Id)'!A9,'Daily Activity Cleaned'!$G$2:$G$941) -> 1.3548387
A10: 2347167796 | B10: =COUNTIF('Daily Activity Cleaned'!$A$2:$B$941,'Q1-8 (By Id)'!A10) -> 18 | C10: =IF(B10>20,"Active",IF(B10<10,"Light","Moderate")) -> Moderate | D10: =AVERAGEIF('Daily Activity Cleaned'!$A$2:$F$941,'Q1-8 (By Id)'!A10,'Daily Activity Cleaned'!$F$2:$F$941) -> 6.3555555 | E10: =IF(D10>9, "Pro", IF(D10<5, "Beginner", "Intermediate")) -> Intermediate | F10: =SUMIF('Daily Activity Cleaned'!$A$2:$E$941,'Q1-8 (By Id)'!A10,'Daily Activity Cleaned'!$E$2:$E$941) -> 171354 | G10: =F10/B10 -> 9519.6667 | H10: =SUMIF('Daily Activity Cleaned'!$A$2:$J$941,'Q1-8 (By Id)'!A10,'Daily Activity Cleaned'!$J$2:$J$941) -> 36782 | I10: =H10/B10 -> 2043.4444 | J10: =AVERAGEIF('Daily Activity Cleaned'!$A$2:$I$941,'Q1-8 (By Id)'!A10,'Daily Activity Cleaned'!$I$2:$I$941) -> 252.5 | K10: =AVERAGEIF('Daily Activity Cleaned'!$A$2:$H$941,'Q1-8 (By Id)'!A10,'Daily Activity Cleaned'!$H$2:$H$941) -> 20.555556 | L10: =AVERAGEIF('Daily Activity Cleaned'!$A$2:$G$941,'Q1-8 (By Id)'!A10,'Daily Activity Cleaned'!$G$2:$G$941) -> 13.5
A11: 2873212765 | B11: =COUNTIF('Daily Activity Cleaned'!$A$2:$B$941,'Q1-8 (By Id)'!A11) -> 31 | C11: =IF(B11>20,"Active",IF(B11<10,"Light","Moderate")) -> Active | D11: =AVERAGEIF('Daily Activity Cleaned'!$A$2:$F$941,'Q1-8 (By Id)'!A11,'Daily Activity Cleaned'!$F$2:$F$941) -> 5.1016129 | E11: =IF(D11>9, "Pro", IF(D11<5, "Beginner", "Intermediate")) -> Intermediate | F11: =SUMIF('Daily Activity Cleaned'!$A$2:$E$941,'Q1-8 (By Id)'!A11,'Daily Activity Cleaned'!$E$2:$E$941) -> 234229 | G11: =F11/B11 -> 7555.7742 | H11: =SUMIF('Daily Activity Cleaned'!$A$2:$J$941,'Q1-8 (By Id)'!A11,'Daily Activity Cleaned'!$J$2:$J$941) -> 59426 | I11: =H11/B11 -> 1916.9677 | J11: =AVERAGEIF('Daily Activity Cleaned'!$A$2:$I$941,'Q1-8 (By Id)'!A11,'Daily Activity Cleaned'!$I$2:$I$941) -> 308 | K11: =AVERAGEIF('Daily Activity Cleaned'!$A$2:$H$941,'Q1-8 (By Id)'!A11,'Daily Activity Cleaned'!$H$2:$H$941) -> 6.1290323 | L11: =AVERAGEIF('Daily Activity Cleaned'!$A$2:$G$941,'Q1-8 (By Id)'!A11,'Daily Activity Cleaned'!$G$2:$G$941) -> 14.096774
A12: 3372868164 | B12: =COUNTIF('Daily Activity Cleaned'!$A$2:$B$941,'Q1-8 (By Id)'!A12) -> 20 | C12: =IF(B12>20,"Active",IF(B12<10,"Light","Moderate")) -> Moderate | D12: =AVERAGEIF('Daily Activity Cleaned'!$A$2:$F$941,'Q1-8 (By Id)'!A12,'Daily Activity Cleaned'!$F$2:$F$941) -> 4.707 | E12: =IF(D12>9, "Pro", IF(D12<5, "Beginner", "Intermediate")) -> Beginner | F12: =SUMIF('Daily Activity Cleaned'!$A$2:$E$941,'Q1-8 (By Id)'!A12,'Daily Activity Cleaned'!$E$2:$E$941) -> 137233 | G12: =F12/B12 -> 6861.65 | H12: =SUMIF('Daily Activity Cleaned'!$A$2:$J$941,'Q1-8 (By Id)'!A12,'Daily Activity Cleaned'!$J$2:$J$941) -> 38662 | I12: =H12/B12 -> 1933.1 | J12: =AVERAGEIF('Daily Activity Cleaned'!$A$2:$I$941,'Q1-8 (By Id)'!A12,'Daily Activity Cleaned'!$I$2:$I$941) -> 327.9 | K12: =AVERAGEIF('Daily Activity Cleaned'!$A$2:$H$941,'Q1-8 (By Id)'!A12,'Daily Activity Cleaned'!$H$2:$H$941) -> 4.1 | L12: =AVERAGEIF('Daily Activity Cleaned'!$A$2:$G$941,'Q1-8 (By Id)'!A12,'Daily Activity Cleaned'!$G$2:$G$941) -> 9.15
A13: 3977333714 | B13: =COUNTIF('Daily Activity Cleaned'!$A$2:$B$941,'Q1-8 (By Id)'!A13) -> 30 | C13: =IF(B13>20,"Active",IF(B13<10,"Light","Moderate")) -> Active | D13: =AVERAGEIF('Daily Activity Cleaned'!$A$2:$F$941,'Q1-8 (By Id)'!A13,'Daily Activity Cleaned'!$F$2:$F$941) -> 7.5169999 | E13: =IF(D13>9, "Pro", IF(D13<5, "Beginner", "Intermediate")) -> Intermediate | F13: =SUMIF('Daily Activity Cleaned'!$A$2:$E$941,'Q1-8 (By Id)'!A13,'Daily Activity Cleaned'!$E$2:$E$941) -> 329537 | G13: =F13/B13 -> 10984.567 | H13: =SUMIF('Daily Activity Cleaned'!$A$2:$J$941,'Q1-8 (By Id)'!A13,'Daily Activity Cleaned'!$J$2:$J$941) -> 45410 | I13: =H13/B13 -> 1513.6667 | J13: =AVERAGEIF('Daily Activity Cleaned'!$A$2:$I$941,'Q1-8 (By Id)'!A13,'Daily Activity Cleaned'!$I$2:$I$941) -> 174.76667 | K13: =AVERAGEIF('Daily Activity Cleaned'!$A$2:$H$941,'Q1-8 (By Id)'!A13,'Daily Activity Cleaned'!$H$2:$H$941) -> 61.266667 | L13: =AVERAGEIF('Daily Activity Cleaned'!$A$2:$G$941,'Q1-8 (By Id)'!A13,'Daily Activity Cleaned'!$G$2:$G$941) -> 18.9
A14: 4020332650 | B14: =COUNTIF('Daily Activity Cleaned'!$A$2:$B$941,'Q1-8 (By Id)'!A14) -> 31 | C14: =IF(B14>20,"Active",IF(B14<10,"Light","Moderate")) -> Active | D14: =AVERAGEIF('Daily Activity Cleaned'!$A$2:$F$941,'Q1-8 (By Id)'!A14,'Daily Activity Cleaned'!$F$2:$F$941) -> 1.626129 | E14: =IF(D14>9, "Pro", IF(D14<5, "Beginner", "Intermediate")) -> Beginner | F14: =SUMIF('Daily Activity Cleaned'!$A$2:$E$941,'Q1-8 (By Id)'!A14,'Daily Activity Cleaned'!$E$2:$E$941) -> 70284 | G14: =F14/B14 -> 2267.2258 | H14: =SUMIF('Daily Activity Cleaned'!$A$2:$J$941,'Q1-8 (By Id)'!A14,'Daily Activity Cleaned'!$J$2:$J$941) -> 73960 | I14: =H14/B14 -> 2385.8065 | J14: =AVERAGEIF('Daily Activity Cleaned'!$A$2:$I$941,'Q1-8 (By Id)'!A14,'Daily Activity Cleaned'!$I$2:$I$941) -> 76.935484 | K14: =AVERAGEIF('Daily Activity Cleaned'!$A$2:$H$941,'Q1-8 (By Id)'!A14,'Daily Activity Cleaned'!$H$2:$H$941) -> 5.3548387 | L14: =AVERAGEIF('Daily Activity Cleaned'!$A$2:$G$941,'Q1-8 (By Id)'!A14,'Daily Activity Cleaned'!$G$2:$G$941) -> 5.1935484
... A34: 8877689391 | B34: =COUNTIF('Daily Activity Cleaned'!$A$2:$B$941,'Q1-8 (By Id)'!A34) -> 31 | C34: =IF(B34>20,"Active",IF(B34<10,"Light","Moderate")) -> Active | D34: =AVERAGEIF('Daily Activity Cleaned'!$A$2:$F$941,'Q1-8 (By Id)'!A34,'Daily Activity Cleaned'!$F$2:$F$941) -> 13.212903 | E34: =IF(D34>9, "Pro", IF(D34<5, "Beginner", "Intermediate")) -> Pro | F34: =SUMIF('Daily Activity Cleaned'!$A$2:$E$941,'Q1-8 (By Id)'!A34,'Daily Activity Cleaned'!$E$2:$E$941) -> 497241 | G34: =F34/B34 -> 16040.032 | H34: =SUMIF('Daily Activity Cleaned'!$A$2:$J$941,'Q1-8 (By Id)'!A34,'Daily Activity Cleaned'!$J$2:$J$941) -> 106028 | I34: =H34/B34 -> 3420.2581 | J34: =AVERAGEIF('Daily Activity Cleaned'!$A$2:$I$941,'Q1-8 (By Id)'!A34,'Daily Activity Cleaned'!$I$2:$I$941) -> 234.70968 | K34: =AVERAGEIF('Daily Activity Cleaned'!$A$2:$H$941,'Q1-8 (By Id)'!A34,'Daily Activity Cleaned'!$H$2:$H$941) -> 9.9354839 | L34: =AVERAGEIF('Daily Activity Cleaned'!$A$2:$G$941,'Q1-8 (By Id)'!A34,'Daily Activity Cleaned'!$G$2:$G$941) -> 66.064516

Sheet Q1-8 (By Date)
A1: Date | B1: ActiveUsers | C1: UserActivityClass | D1: AvgDailyDistance | E1: DistanceClass | F1: TotalSteps | G1: AvgDailySteps | H1: TotalCalories | I1: AvgDailyCalories | J1: AvgLightlyActiveMin | K1: AvgFairlyActiveMin | L1: AvgVeryActiveMin
A2: 42472 | B2: 33 | C2: =IF(B2<26, "Low", IF(B2>30, "High", "Moderate")) -> High | D2: 5.9827272 | E2: =IF(D2<4, "Low", IF(D2>5.5, "High", "Moderate")) -> High | F2: 271816 | G2: 8236.8485 | H2: 78893 | I2: 2390.697 | J2: 199 | K2: 7.8484848 | L2: 22.30303 | N2: I used Pivot Table to create this sheet. I inserted all the required columns in the Pivot Table and then copied that data into this sheet. Then I created two conditional columns : "UserActivityClass" and "DistanceClass". "UserActivityClass" Column grouped the dates according to how many users were active on that day. If there were more than 30 active users that day, the date was labeled as "High"; if there were between 26 and 30 active users that day, the date was labeled as "Moderate"; and at last if there were less than 26 aactive users that day, the date was labeled as "Low". Similarly, "DistanceClass" is a column which grouped the dates according to how much the users travelled distance on an average daily. If the average distance travelled daily was above 5.5, the dates were labeled as "High"; if the average distance travelled was between 4 and 5.5, the date was labeled as "Moderate"; and at last if the average was less than 4, the date was labeled as "Low".
A3: 42473 | B3: 33 | C3: =IF(B3<26, "Low", IF(B3>30, "High", "Moderate")) -> High | D3: 5.1033333 | E3: =IF(D3<4, "Low", IF(D3>5.5, "High", "Moderate")) -> Moderate | F3: 237558 | G3: 7198.7273 | H3: 75459 | I3: 2286.6364 | J3: 181.75758 | K3: 10.575758 | L3: 20.333333
A4: 42474 | B4: 33 | C4: =IF(B4<26, "Low", IF(B4>30, "High", "Moderate")) -> High | D4: 5.599394 | E4: =IF(D4<4, "Low", IF(D4>5.5, "High", "Moderate")) -> High | F4: 255538 | G4: 7743.5758 | H4: 77761 | I4: 2356.3939 | J4: 201 | K4: 12.393939 | L4: 20.939394
A5: 42475 | B5: 33 | C5: =IF(B5<26, "Low", IF(B5>30, "High", "Moderate")) -> High | D5: 5.2878788 | E5: =IF(D5<4, "Low", IF(D5>5.5, "High", "Moderate")) -> Moderate | F5: 248617 | G5: 7533.8485 | H5: 77721 | I5: 2355.1818 | J5: 213.84848 | K5: 9.8787879 | L5: 19.181818
A6: 42476 | B6: 32 | C6: =IF(B6<26, "Low", IF(B6>30, "High", "Moderate")) -> High | D6: 6.2915625 | E6: =IF(D6<4, "Low", IF(D6>5.5, "High", "Moderate")) -> High | F6: 277733 | G6: 8679.1562 | H6: 76574 | I6: 2392.9375 | J6: 193.8125 | K6: 15.125 | L6: 27.84375
A7: 42477 | B7: 32 | C7: =IF(B7<26, "Low", IF(B7>30, "High", "Moderate")) -> High | D7: 4.540625 | E7: =IF(D7<4, "Low", IF(D7>5.5, "High", "Moderate")) -> Moderate | F7: 205096 | G7: 6409.25 | H7: 71391 | I7: 2230.9688 | J7: 165.34375 | K7: 11.84375 | L7: 18.90625
A8: 42478 | B8: 32 | C8: =IF(B8<26, "Low", IF(B8>30, "High", "Moderate")) -> High | D8: 5.6578125 | E8: =IF(D8<4, "Low", IF(D8>5.5, "High", "Moderate")) -> High | F8: 252703 | G8: 7896.9688 | H8: 74668 | I8: 2333.375 | J8: 188.28125 | K8: 16.125 | L8: 24.40625
A9: 42479 | B9: 32 | C9: =IF(B9<26, "Low", IF(B9>30, "High", "Moderate")) -> High | D9: 5.8718749 | E9: =IF(D9<4, "Low", IF(D9>5.5, "High", "Moderate")) -> High | F9: 257557 | G9: 8048.6562 | H9: 75491 | I9: 2359.0938 | J9: 201.90625 | K9: 13.78125 | L9: 23.96875
A10: 42480 | B10: 32 | C10: =IF(B10<26, "Low", IF(B10>30, "High", "Moderate")) -> High | D10: 5.9503125 | E10: =IF(D10<4, "Low", IF(D10>5.5, "High", "Moderate")) -> High | F10: 261215 | G10: 8162.9688 | H10: 76647 | I10: 2395.2188 | J10: 203.59375 | K10: 18.75 | L10: 24.1875
A11: 42481 | B11: 32 | C11: =IF(B11<26, "Low", IF(B11>30, "High", "Moderate")) -> High | D11: 6.0300001 | E11: =IF(D11<4, "Low", IF(D11>5.5, "High", "Moderate")) -> High | F11: 263795 | G11: 8243.5938 | H11: 77500 | I11: 2421.875 | J11: 182.65625 | K11: 14.9375 | L11: 26.84375
A12: 42482 | B12: 32 | C12: =IF(B12<26, "Low", IF(B12>30, "High", "Moderate")) -> High | D12: 5.3278125 | E12: =IF(D12<4, "Low", IF(D12>5.5, "High", "Moderate")) -> Moderate | F12: 238284 | G12: 7446.375 | H12: 74485 | I12: 2327.6562 | J12: 195.53125 | K12: 13.25 | L12: 24.4375
A13: 42483 | B13: 32 | C13: =IF(B13<26, "Low", IF(B13>30, "High", "Moderate")) -> High | D13: 5.84125 | E13: =IF(D13<4, "Low", IF(D13>5.5, "High", "Moderate")) -> High | F13: 267124 | G13: 8347.625 | H13: 76709 | I13: 2397.1562 | J13: 232.90625 | K13: 15.03125 | L13: 18.78125
A14: 42484 | B14: 32 | C14: =IF(B14<26, "Low", IF(B14>30, "High", "Moderate")) -> High | D14: 5.4675 | E14: =IF(D14<4, "Low", IF(D14>5.5, "High", "Moderate")) -> Moderate | F14: 236621 | G14: 7394.4062 | H14: 73326 | I14: 2291.4375 | J14: 186.3125 | K14: 13.71875 | L14: 21.03125
... A32: 42502 | B32: 21 | C32: =IF(B32<26, "Low", IF(B32>30, "High", "Moderate")) -> Low | D32: 2.4433333 | E32: =IF(D32<4, "Low", IF(D32>5.5, "High", "Moderate")) -> Low | F32: 73129 | G32: 3482.3333 | H32: 23925 | I32: 1139.2857 | J32: 98.809524 | K32: 2.1428571 | L32: 4.1904762

Sheet Dashboard

Sheet Pivot Table 1
A1: Date | B1: Average Distance | C1: Average Calories | E1: Day | F1: Average Distance | G1: Average Calories
A2: 42472 | B2: 5.9827272 | C2: 2390.697 | E2: Monday | F2: 5.5529167 | G2: 2324.2083
A3: 42473 | B3: 5.1033333 | C3: 2286.6364 | E3: Tuesday | F3: 5.8322368 | G3: 2356.0132
A4: 42474 | B4: 5.599394 | C4: 2356.3939 | E4: Wednesday | F4: 5.4883333 | G4: 2302.62
A5: 42475 | B5: 5.2878788 | C5: 2355.1818 | E5: Thursday | F5: 5.3122449 | G5: 2199.5714
A6: 42476 | B6: 6.2915625 | C6: 2392.9375 | E6: Friday | F6: 5.3099206 | G6: 2331.7857
A7: 42477 | B7: 4.540625 | C7: 2230.9688 | E7: Saturday | F7: 5.8546774 | G7: 2354.9677
A8: 42478 | B8: 5.6578125 | C8: 2333.375 | E8: Sunday | F8: 5.0271901 | G8: 2263
A9: 42479 | B9: 5.8718749 | C9: 2359.0938
A10: 42480 | B10: 5.9503125 | C10: 2395.2188
A11: 42481 | B11: 6.0300001 | C11: 2421.875
A12: 42482 | B12: 5.3278125 | C12: 2327.6562
A13: 42483 | B13: 5.84125 | C13: 2397.1562
A14: 42484 | B14: 5.4675 | C14: 2291.4375
A15: 42485 | B15: 5.6328125 | C15: 2349.5625
A16: 42486 | B16: 5.5346875 | C16: 2331.375
A17: 42487 | B17: 5.9153125 | C17: 2328.5625
A18: 42488 | B18: 5.3615625 | C18: 2316.0625
A19: 42489 | B19: 5.18125 | C19: 2272.5625
A20: 42490 | B20: 6.1006451 | C20: 2373.9355
... A32: 42502 | B32: 2.4433333 | C32: 1139.2857

Sheet Pivot Table 2
A1: Gear Useage | B1: Count of Users | D1: Travel Activity | E1: Count of Users | G1: User Id | H1: Average of Daily Steps | I1: Average of Daily Calories
A2: Active | B2: 29 | D2: Beginner | E2: 14 | G2: 7007744171 | H2: 11323.423 | I2: 2544
A3: Light | B3: 1 | D3: Intermediate | E3: 17 | G3: 2022484408 | H3: 11370.645 | I3: 2509.9677
A4: Moderate | B4: 3 | D4: Pro | E4: 2 | G4: 1503960366 | H4: 12116.742 | I4: 1816.4194
G5: 8053475328 | H5: 14763.29 | I5: 2945.8065
G6: 8877689391 | H6: 16040.032 | I6: 3420.2581
